elapsed_ms,active_workers
10,2
20,5
31,8
43,8
55,8
67,8
78,8
90,8
101,8
113,8
123,8
134,8
144,8
156,8
167,8
177,8
190,8
200,8
210,8
223,8
233,8
243,8
253,8
264,8
275,8
285,8
296,8
307,8
317,8
329,8
340,8
351,8
361,8
371,8
382,8
393,8
404,8
415,8
426,8
436,8
447,8
457,8
469,8
480,8
491,8
503,8
513,8
523,8
534,8
545,8
555,8
565,8
575,8
586,8
596,8
607,8
617,8
628,8
639,8
650,8
660,8
671,8
681,8
691,8
701,8
712,8
722,8
734,8
744,8
754,8
765,8
777,8
788,8
800,8
810,8
821,8
831,8
842,8
853,8
863,8
873,8
884,8
895,8
906,8
916,8
926,8
937,8
948,8
958,8
969,8
979,8
991,8
1002,8
1013,8
1023,8
1034,8
1044,8
1055,8
1065,8
1075,8
1086,8
1096,8
1109,8
1120,8
1131,8
1142,8
1152,8
1163,8
1173,8
1184,8
1194,8
1205,8
1215,8
1226,8
1237,8
1247,8
1257,8
1268,8
1278,8
1288,8
1299,8
1310,8
1321,8
1331,8
1341,8
1352,8
1362,8
1372,8
1383,8
1394,8
1404,8
1416,8
1426,8
1438,8
1448,8
1458,8
1470,8
1480,8
1491,8
1501,8
1511,8
1521,8
1533,8
1543,8
1554,8
1565,8
1575,8
1585,8
1596,8
1606,8
1616,8
1626,8
1637,8
1647,8
1657,8
1668,8
1679,8
1691,8
1701,8
1711,8
1721,8
1733,8
1743,8
1754,8
1764,8
1774,8
1786,8
1811,8
1850,8
1861,8
1876,8
1887,8
1898,8
1908,8
1918,8
1928,8
1940,8
1951,8
1961,8
1971,8
1983,8
1996,8
2007,8
2018,8
2029,8
2039,8
2051,8
2062,8
2072,8
2083,8
2093,8
2103,8
2113,8
2125,8
2136,8
2147,8
2157,8
2168,8
2178,8
2188,8
2198,8
2208,8
2219,8
2229,8
2240,8
2251,8
2262,8
2273,8
2285,8
2295,8
2305,8
2317,8
2327,8
2337,8
2348,8
2359,8
2371,8
2381,8
2393,8
2404,8
2414,8
2426,8
2437,8
2449,8
2460,8
2470,8
2481,8
2493,8
2504,8
2517,8
2528,8
2538,8
2549,8
2561,8
2571,8
2583,8
2595,8
2606,8
2618,8
2630,8
2642,8
2653,8
2664,8
2676,8
2687,8
2698,8
2710,8
2722,8
2733,8
2745,8
2757,8
2768,8
2779,8
2789,8
2801,8
2812,8
2822,8
2834,8
2844,8
2854,8
2864,8
2876,8
2886,8
2897,8
2908,8
2919,8
2932,8
2942,8
2953,8
2965,8
2977,8
2987,8
2998,8
3009,8
3021,8
3031,8
3041,8
3052,8
3062,8
3073,8
3083,8
3094,8
3104,8
3116,8
3127,8
3138,8
3149,8
3159,8
3171,8
3182,8
3193,8
3204,8
3217,8
3227,8
3237,8
3248,8
3260,8
3271,8
3283,8
3294,8
3306,8
3316,8
3326,8
3337,8
3348,8
3358,8
3368,8
3379,8
3390,8
3401,8
3412,8
3423,8
3433,8
3445,8
3457,8
3468,8
3479,8
3489,8
3502,8
3513,8
3523,8
3533,8
3543,8
3556,8
3567,8
3577,8
3588,8
3600,8
3612,8
3622,8
3633,8
3645,8
3656,8
3667,8
3678,8
3688,8
3700,8
3711,8
3722,8
3733,8
3743,8
3754,8
3764,8
3774,8
3785,8
3795,8
3807,8
3819,8
3829,8
3839,8
3849,8
3859,8
3870,8
3883,8
3893,8
3905,8
3916,8
3926,8
3939,8
3950,8
3962,8
3974,8
3984,8
3996,8
4007,8
4018,8
4028,8
4039,8
4050,8
4060,8
4071,8
4081,8
4091,8
4102,8
4112,8
4122,8
4133,8
4144,8
4157,8
4167,8
4178,8
4189,8
4201,8
4212,8
4224,8
4236,8
4247,8
4258,8
4268,8
4280,8
4290,8
4300,8
4311,8
4321,8
4333,8
4344,8
4355,8
4368,8
4378,8
4388,8
4400,8
4411,8
4421,8
4434,8
4444,8
4454,8
4464,8
4476,8
4487,8
4499,8
4509,8
4520,8
4531,8
4543,8
4553,8
4566,8
4576,8
4586,8
4598,8
4608,8
4618,8
4629,8
4639,8
4650,8
4661,8
4672,8
4684,8
4694,8
4706,8
4718,8
4728,8
4738,8
4750,8
4762,8
4774,8
4784,8
4795,8
4806,8
4818,8
4829,8
4841,8
4851,8
4862,8
4874,8
4884,8
4895,8
4905,8
4916,8
4927,8
4937,8
4948,8
4958,8
4968,8
4979,8
4990,8
5001,8
5012,8
5022,8
5032,8
5043,8
5053,8
5063,8
5074,8
5084,8
5095,8
5106,8
5118,8
5130,8
5142,8
5153,8
5165,8
5175,8
5186,8
5197,8
5207,8
5218,8
5228,8
5238,8
5250,8
5260,8
5273,8
5283,8
5293,8
5304,8
5314,8
5325,8
5335,8
5345,8
5355,8
5366,8
5377,8
5387,8
5399,8
5411,8
5423,8
5434,8
5445,8
5455,8
5468,8
5479,8
5489,8
5501,8
5512,8
5523,8
5535,8
5545,8
5556,8
5566,8
5577,8
5587,8
5597,8
5607,8
5618,8
5629,8
5640,8
5651,8
5662,8
5672,8
5683,8
5694,8
5704,8
5740,8
5767,8
5778,8
5790,8
5801,8
5811,8
5822,8
5834,8
5845,8
5856,8
5867,8
5878,8
5889,8
5901,8
5912,8
5923,8
5934,8
5947,8
5957,8
5967,8
5980,8
5990,8
6001,8
6012,8
6024,8
6034,8
6046,8
6056,8
6067,8
6078,8
6089,8
6101,8
6111,8
6122,8
6133,8
6143,8
6153,8
6165,8
6175,8
6186,8
6196,8
6207,8
6218,8
6228,8
6239,8
6250,8
6262,8
6273,8
6284,8
6295,8
6307,8
6318,8
6331,8
6341,8
6352,8
6363,8
6373,8
6384,8
6395,8
6405,8
6418,8
6428,8
6440,8
6451,8
6461,8
6472,8
6484,8
6494,8
6505,8
6517,8
6528,8
6538,8
6549,8
6560,8
6571,8
6582,8
6593,8
6605,8
6616,8
6626,8
6637,8
6647,8
6657,8
6669,8
6680,8
6692,8
6702,8
6713,8
6723,8
6734,8
6746,8
6757,8
6768,8
6778,8
6788,8
6801,8
6811,8
6822,8
6834,8
6845,8
6855,8
6868,8
6879,8
6891,8
6901,8
6913,8
6924,8
6936,8
6949,8
6961,8
6973,8
6983,8
6995,8
7007,8
7017,8
7030,8
7040,8
7051,8
7062,8
7072,8
7083,8
7093,8
7103,8
7114,8
7125,8
7135,8
7146,8
7158,8
7168,8
7180,8
7190,8
7201,8
7211,8
7222,8
7233,8
7243,8
7254,8
7266,8
7277,8
7287,8
7299,8
7309,8
7320,8
7331,8
7344,8
7354,8
7364,8
7375,8
7386,8
7396,8
7408,8
7419,8
7429,8
7439,8
7451,8
7461,8
7472,8
7484,8
7495,8
7506,8
7517,8
7528,8
7539,8
7551,8
7563,8
7575,8
7586,8
7596,8
7607,8
7617,8
7630,8
7640,8
7651,8
7662,8
7673,8
7684,8
7696,8
7706,8
7718,8
7729,8
7740,8
7750,8
7761,8
7771,8
7782,8
7793,8
7803,8
7815,8
7826,8
7838,8
7850,8
7862,8
7872,8
7884,8
7896,8
7907,8
7918,8
7930,8
7941,8
7951,8
7961,8
7972,8
7984,8
7997,8
8010,8
8022,8
8034,8
8045,8
8056,8
8068,8
8079,8
8089,8
8101,8
8111,8
8122,8
8134,8
8147,8
8157,8
8168,8
8181,8
8192,8
8204,8
8215,8
8226,8
8236,8
8246,8
8257,8
8267,8
8277,8
8287,8
8297,8
8307,8
8318,8
8329,8
8339,8
8351,8
8363,8
8374,8
8385,8
8396,8
8407,8
8417,8
8428,8
8438,8
8450,8
8461,8
8472,8
8482,8
8493,8
8504,8
8515,8
8526,8
8536,8
8547,8
8558,8
8569,8
8581,8
8591,8
8601,8
8612,8
8622,8
8634,8
8647,8
8658,8
8669,8
8680,8
8690,8
8701,8
8712,8
8723,8
8734,8
8745,8
8756,8
8767,8
8778,8
8790,8
8801,8
8812,8
8823,8
8834,8
8847,8
8858,8
8869,8
8879,8
8891,8
8902,8
8912,8
8922,8
8934,8
8945,8
8955,8
8968,8
8980,8
8991,8
9002,8
9014,8
9026,8
9038,8
9048,8
9059,8
9070,8
9081,8
9091,8
9101,8
9113,8
9124,8
9134,8
9144,8
9156,8
9168,8
9179,8
9192,8
9202,8
9213,8
9225,8
9236,8
9248,8
9260,8
9272,8
9284,8
9297,8
9309,8
9320,8
9331,8
9342,8
9353,8
9363,8
9373,8
9384,8
9395,8
9405,8
9416,8
9428,8
9438,8
9450,8
9461,8
9473,8
9484,8
9494,8
9506,8
9521,8
9571,8
9594,8
9609,8
9622,8
9634,8
9645,8
9655,8
9668,8
9680,8
9691,8
9701,8
9712,8
9723,8
9735,8
9746,8
9756,8
9767,8
9778,8
9788,8
9798,8
9808,8
9818,8
9831,8
9841,8
9851,8
9862,8
9872,8
9884,8
9895,8
9905,8
9917,8
9927,8
9938,8
9949,8
9959,8
9970,8
9981,8
9992,8
10002,8
10014,8
10024,8
10034,8
10044,8
10056,8
10067,8
10079,8
10091,8
10103,8
10113,8
10123,8
10134,8
10144,8
10155,8
10167,8
10178,8
10189,8
10201,8
10212,8
10224,8
10234,8
10245,8
10255,8
10268,8
10280,8
10290,8
10301,8
10311,8
10321,8
10331,8
10342,8
10352,8
10363,8
10373,8
10385,8
10395,8
10406,8
10418,8
10428,8
10438,8
10449,8
10461,8
10472,8
10484,8
10497,8
10507,8
10518,8
10528,8
10539,8
10550,8
10561,8
10572,8
10583,8
10594,8
10606,8
10617,8
10627,8
10638,8
10648,8
10659,8
10669,8
10680,8
10690,8
10701,8
10711,8
10721,8
10733,8
10744,8
10754,8
10764,8
10775,8
10786,8
10797,8
10808,8
10818,8
10828,8
10839,8
10849,8
10859,8
10870,8
10880,8
10890,8
10902,8
10913,8
10923,8
10933,8
10943,8
10954,8
10965,8
10976,8
10986,8
10996,8
11006,8
11016,8
11027,8
11037,8
11047,8
11057,8
11067,8
11077,8
11088,8
11100,8
11111,8
11121,8
11131,8
11143,8
11154,8
11164,8
11175,8
11185,8
11195,8
11205,8
11215,8
11227,8
11237,8
11249,8
11259,8
11269,8
11280,8
11290,8
11300,8
11311,8
11321,8
11331,8
11341,8
11351,8
11362,8
11372,8
11384,8
11394,8
11404,8
11414,8
11424,8
11434,8
11444,8
11456,8
11466,8
11476,8
11486,8
11496,8
11507,8
11517,8
11527,8
11537,8
11548,8
11558,8
11568,8
11578,8
11589,8
11599,8
11609,8
11619,8
11630,8
11640,8
11650,8
11660,8
11671,8
11682,8
11692,8
11702,8
11713,8
11723,8
11736,8
11747,8
11757,8
11767,8
11777,8
11788,8
11799,8
11809,8
11819,8
11830,8
11840,8
11850,8
11860,8
11870,8
11883,8
11893,8
11904,8
11914,8
11924,8
11935,8
11945,8
11955,8
11965,8
11975,8
11986,8
11996,8
12007,8
12017,8
12027,8
12037,8
12047,8
12057,8
12068,8
12078,8
12088,8
12098,8
12108,8
12118,8
12128,8
12138,8
12151,8
12161,8
12171,8
12183,8
12194,8
12205,8
12217,8
12227,8
12237,8
12248,8
12258,8
12269,8
12280,8
12291,8
12302,8
12312,8
12323,8
12334,8
12344,8
12354,8
12365,8
12375,8
12385,8
12397,8
12407,8
12419,8
12429,8
12439,8
12450,8
12460,8
12470,8
12482,8
12492,8
12503,8
12513,8
12523,8
12533,8
12543,8
12553,8
12563,8
12574,8
12584,8
12594,8
12604,8
12615,8
12625,8
12637,8
12648,8
12658,8
12668,8
12679,8
12689,8
12699,8
12710,8
12721,8
12731,8
12741,8
12752,8
12762,8
12773,8
12784,8
12794,8
12804,8
12814,8
12824,8
12834,8
12846,8
12856,8
12866,8
12876,8
12886,8
12899,8
12909,8
12921,8
12931,8
12941,8
12951,8
12962,8
12972,8
12982,8
12992,8
13003,8
13013,8
13023,8
13033,8
13043,8
13053,8
13063,8
13074,8
13084,8
13094,8
13104,8
13114,8
13124,8
13134,8
13145,8
13156,8
13167,8
13178,8
13188,8
13200,8
13210,8
13221,8
13231,8
13242,8
13252,8
13262,8
13272,8
13283,8
13293,8
13303,8
13313,8
13323,8
13334,8
13344,8
13355,8
13365,8
13376,8
13386,8
13396,8
13406,8
13416,8
13427,8
13497,8
13537,8
13547,8
13557,8
13568,8
13578,8
13588,8
13599,8
13609,8
13619,8
13630,8
13640,8
13650,8
13660,8
13670,8
13680,8
13691,8
13702,8
13715,8
13725,8
13736,8
13747,8
13757,8
13768,8
13779,8
13789,8
13799,8
13810,8
13821,8
13832,8
13842,8
13853,8
13863,8
13873,8
13883,8
13894,8
13905,8
13916,8
13926,8
13938,8
13948,8
13958,8
13969,8
13979,8
13989,8
14000,8
14010,8
14020,8
14031,8
14041,8
14052,8
14062,8
14072,8
14082,8
14093,8
14104,8
14114,8
14125,8
14136,8
14146,8
14156,8
14167,8
14178,8
14188,8
14198,8
14208,8
14220,8
14230,8
14240,8
14250,8
14262,8
14272,8
14282,8
14292,8
14302,8
14313,8
14323,8
14333,8
14344,8
14354,8
14364,8
14377,8
14387,8
14397,8
14408,8
14418,8
14428,8
14438,8
14450,8
14461,8
14473,8
14483,8
14493,8
14503,8
14516,8
14526,8
14537,8
14547,8
14559,8
14570,8
14581,8
14592,8
14602,8
14614,8
14624,8
14635,8
14645,8
14655,8
14667,8
14680,8
14691,8
14702,8
14714,8
14724,8
14736,8
14746,8
14756,8
14766,8
14777,8
14787,8
14797,8
14807,8
14819,8
14830,8
14843,8
14854,8
14865,8
14876,8
14887,8
14899,8
14911,8
14921,8
14932,8
14943,8
14955,8
14967,8
14978,8
14988,8
14998,8
15009,8
15020,8
15031,8
15044,8
15054,8
15065,8
15076,8
15087,8
15098,8
15108,8
15119,8
15130,8
15141,8
15152,8
15164,8
15174,8
15186,8
15196,8
15206,8
15217,8
15228,8
15238,8
15250,8
15260,8
15271,8
15281,8
15291,8
15302,8
15312,8
15322,8
15333,8
15343,8
15353,8
15364,8
15374,8
15384,8
15394,8
15404,8
15415,8
15426,8
15437,8
15448,8
15458,8
15469,8
15479,8
15489,8
15501,8
15513,8
15524,8
15536,8
15549,8
15561,8
15573,8
15586,8
15596,8
15608,8
15619,8
15629,8
15640,8
15650,8
15661,8
15672,8
15684,8
15695,8
15705,8
15717,8
15728,8
15739,8
15750,8
15760,8
15770,8
15782,8
15793,8
15803,8
15813,8
15824,8
15834,8
15844,8
15855,8
15867,8
15878,8
15889,8
15900,8
15911,8
15922,8
15934,8
15945,8
15955,8
15967,8
15978,8
15988,8
15998,8
16009,8
16021,8
16031,8
16042,8
16052,8
16063,8
16074,8
16086,8
16096,8
16106,8
16118,8
16128,8
16138,8
16150,8
16160,8
16172,8
16184,8
16195,8
16205,8
16217,8
16228,8
16239,8
16251,8
16262,8
16273,8
16283,8
16294,8
16305,8
16317,8
16327,8
16337,8
16348,8
16360,8
16370,8
16383,8
16395,8
16405,8
16417,8
16429,8
16439,8
16451,8
16461,8
16471,8
16482,8
16493,8
16504,8
16515,8
16526,8
16536,8
16546,8
16556,8
16567,8
16577,8
16587,8
16598,8
16608,8
16618,8
16630,8
16643,8
16653,8
16664,8
16675,8
16685,8
16696,8
16708,8
16719,8
16730,8
16741,8
16752,8
16762,8
16773,8
16784,8
16796,8
16807,8
16819,8
16830,8
16842,8
16854,8
16865,8
16875,8
16885,8
16896,8
16906,8
16918,8
16928,8
16938,8
16948,8
16960,8
16970,8
16981,8
16991,8
17002,8
17013,8
17023,8
17033,8
17043,8
17053,8
17064,8
17074,8
17085,8
17095,8
17106,8
17118,8
17128,8
17138,8
17151,8
17161,8
17171,8
17184,8
17195,8
17205,8
17217,8
17227,8
17238,8
17250,8
17260,8
17272,8
17283,8
17294,8
17304,8
17315,8
17325,8
17335,8
17345,8
17356,8
17367,8
17377,8
17387,8
17398,8
17409,8
17419,8
17430,8
17441,8
17451,8
17464,8
17474,8
17486,8
17496,8
17506,8
17516,8
17527,8
17537,8
17548,8
17561,8
17571,8
17582,8
17593,8
17603,8
17616,8
17626,8
17637,8
17647,8
17659,8
17669,8
17679,8
17690,8
17702,8
17712,8
17724,8
17736,8
17746,8
17756,8
17767,8
17777,8
17789,8
17800,8
17811,8
17823,8
17834,8
17846,8
17857,8
17869,8
17882,8
17892,8
17903,8
17913,8
17926,8
17937,8
17948,8
17960,8
17971,8
17982,8
17992,8
18003,8
18015,8
18025,8
18036,8
18047,8
18057,8
18069,8
18081,8
18092,8
18102,8
18113,8
18124,8
18134,8
18145,8
18155,8
18168,8
18180,8
18190,8
18202,8
18215,8
18225,8
18236,8
18247,8
18257,8
18268,8
18278,8
18290,8
18300,8
18310,8
18321,8
18331,8
18341,8
18352,8
18362,8
18373,8
18383,8
18393,8
18404,8
18416,8
18426,8
18438,8
18448,8
18459,8
18469,8
18479,8
18491,8
18501,8
18511,8
18521,8
18533,8
18544,8
18555,8
18565,8
18576,8
18586,8
18597,8
18607,8
18618,8
18628,8
18638,8
18648,8
18659,8
18669,8
18679,8
18689,8
18700,8
18710,8
18721,8
18732,8
18743,8
18754,8
18765,8
18775,8
18786,8
18798,8
18809,8
18819,8
18829,8
18839,8
18849,8
18860,8
18870,8
18883,8
18893,8
18904,8
18914,8
18925,8
18937,8
18948,8
18961,8
18972,8
18983,8
18994,8
19005,8
19017,8
19027,8
19038,8
19050,8
19061,8
19073,8
19086,8
19098,8
19108,8
19119,8
19129,8
19141,8
19152,8
19162,8
19173,8
19184,8
19197,8
19209,8
19220,8
19233,8
19244,8
19256,8
19266,8
19278,8
19290,8
19302,8
19315,8
19326,8
19337,8
19349,8
19360,8
19370,8
19381,8
19410,8
19510,8
19552,8
19562,8
19573,8
19583,8
19595,8
19605,8
19615,8
19625,8
19635,8
19646,8
19656,8
19666,8
19676,8
19687,8
19698,8
19708,8
19719,8
19729,8
19740,8
19750,8
19760,8
19774,8
19785,8
19795,8
19807,8
19817,8
19828,8
19838,8
19848,8
19859,8
19869,8
19879,8
19891,8
19902,8
19915,8
19927,8
19937,8
19948,8
19959,8
19971,8
19982,8
19992,8
20003,8
20015,8
20026,8
20039,8
20051,8
20062,8
20072,8
20084,8
20095,8
20107,8
20118,8
20128,8
20139,8
20150,8
20160,8
20172,8
20184,8
20194,8
20206,8
20218,8
20228,8
20238,8
20250,8
20262,8
20272,8
20284,8
20295,8
20306,8
20317,8
20328,8
20338,8
20350,8
20360,8
20371,8
20383,8
20394,8
20404,8
20415,8
20425,8
20435,8
20446,8
20458,8
20468,8
20479,8
20489,8
20500,8
20510,8
20521,8
20534,8
20544,8
20554,8
20565,8
20575,8
20588,8
20598,8
20608,8
20619,8
20632,8
20642,8
20652,8
20665,8
20676,8
20688,8
20701,8
20712,8
20722,8
20734,8
20744,8
20755,8
20767,8
20778,8
20790,8
20802,8
20813,8
20823,8
20834,8
20847,8
20857,8
20869,8
20881,8
20893,8
20904,8
20915,8
20925,8
20936,8
20948,8
20958,8
20969,8
20979,8
20990,8
21002,8
21014,8
21024,8
21036,8
21046,8
21056,8
21067,8
21078,8
21089,8
21101,8
21111,8
21121,8
21132,8
21143,8
21155,8
21166,8
21177,8
21189,8
21201,8
21213,8
21224,8
21236,8
21248,8
21259,8
21269,8
21279,8
21290,8
21302,8
21315,8
21327,8
21337,8
21347,8
21359,8
21370,8
21382,8
21394,8
21404,8
21415,8
21427,8
21440,8
21451,8
21463,8
21475,8
21486,8
21498,8
21509,8
21519,8
21530,8
21540,8
21552,8
21562,8
21574,8
21584,8
21594,8
21605,8
21616,8
21626,8
21636,8
21648,8
21659,8
21670,8
21681,8
21692,8
21704,8
21716,8
21727,8
21738,8
21749,8
21759,8
21769,8
21780,8
21791,8
21802,8
21815,8
21825,8
21835,8
21846,8
21856,8
21867,8
21878,8
21891,8
21901,8
21913,8
21925,8
21935,8
21947,8
21957,8
21969,8
21980,8
21991,8
22002,8
22014,8
22025,8
22035,8
22046,8
22056,8
22067,8
22079,8
22090,8
22102,8
22114,8
22124,8
22136,8
22146,8
22156,8
22167,8
22177,8
22187,8
22199,8
22209,8
22219,8
22231,8
22242,8
22252,8
22262,8
22273,8
22283,8
22293,8
22304,8
22315,8
22326,8
22337,8
22348,8
22358,8
22368,8
22379,8
22390,8
22401,8
22411,8
22421,8
22432,8
22443,8
22453,8
22464,8
22474,8
22486,8
22496,8
22506,8
22519,8
22529,8
22540,8
22552,8
22564,8
22574,8
22586,8
22596,8
22607,8
22617,8
22628,8
22640,8
22650,8
22661,8
22673,8
22686,8
22697,8
22708,8
22719,8
22729,8
22740,8
22751,8
22762,8
22773,8
22786,8
22798,8
22809,8
22819,8
22831,8
22841,8
22852,8
22863,8
22873,8
22886,8
22897,8
22908,8
22918,8
22929,8
22940,8
22952,8
22964,8
22974,8
22986,8
22998,8
23008,8
23019,8
23030,8
23041,8
23051,8
23062,8
23072,8
23084,8
23095,8
23105,8
23117,8
23129,8
23139,8
23150,8
23161,8
23173,8
23186,8
23196,8
23206,8
23217,8
23230,8
23240,8
23252,8
23262,8
23273,8
23285,8
23297,8
23308,8
23319,8
23331,8
23343,8
23354,8
23364,8
23375,8
23386,8
23396,8
23408,8
23419,8
23429,8
23439,8
23451,8
23463,8
23473,8
23483,8
23494,8
23506,8
23517,8
23528,8
23539,8
23550,8
23560,8
23572,8
23583,8
23594,8
23605,8
23616,8
23628,8
23638,8
23648,8
23660,8
23671,8
23682,8
23693,8
23703,8
23714,8
23725,8
23736,8
23746,8
23758,8
23769,8
23780,8
23791,8
23802,8
23814,8
23825,8
23835,8
23846,8
23856,8
23867,8
23877,8
23887,8
23898,8
23910,8
23920,8
23932,8
23943,8
23954,8
23964,8
23974,8
23985,8
23996,8
24006,8
24017,8
24029,8
24039,8
24050,8
24061,8
24071,8
24081,8
24092,8
24103,8
24116,8
24128,8
24138,8
24151,8
24161,8
24172,8
24184,8
24194,8
24204,8
24216,8
24228,8
24239,8
24250,8
24261,8
24272,8
24283,8
24294,8
24306,8
24319,8
24330,8
24340,8
24351,8
24362,8
24372,8
24383,8
24394,8
24404,8
24417,8
24428,8
24439,8
24451,8
24462,8
24472,8
24484,8
24494,8
24506,8
24518,8
24531,8
24543,8
24554,8
24565,8
24575,8
24586,8
24598,8
24608,8
24619,8
24629,8
24641,8
24651,8
24661,8
